﻿{"cameraMode":{"drawMode":0,"name":"Shaded","section":"Shading Mode"},"sceneLighting":false,"audioPlay":false,"sceneViewState":{"showFog":true,"showMaterialUpdate":false,"showSkybox":true,"showFlares":true,"showImageEffects":true,"showParticleSystems":true},"in2DMode":false,"pivot":{"x":0.7522528171539307,"y":1.1409082412719727,"z":-0.6595554351806641},"rotation":{"x":-0.3893290162086487,"y":0.2907761037349701,"z":-0.13100923597812653,"w":-0.8641231656074524},"size":2.8578836917877199,"orthographic":false}